,year,total_admissions,total_death_rate,respiratory_deaths,total_rainfall,no_of_rainy_days,north,south,east,west,central
0,2014,489574,4.7,4232,1538.4,152,56.41263827852705,54.80527352629186,54.80163661160782,57.24867404152144,54.19472647370814
1,2015,499889,4.8,4417,1267.1,125,62.5027397260274,62.88082191780822,62.93333333333333,65.58299086757991,58.274086757990865
2,2016,546256,4.8,4440,1955.7,179,53.84107468123862,51.736338797814206,50.436361566484514,49.1481102003643,50.490323315118395
3,2017,568117,5.0,4757,2045.6,204,52.18333333333333,50.87933789954338,50.023972602739725,46.142922374429226,47.09486301369863
4,2018,584819,5.0,4909,1708.2,188,52.56723744292238,53.880022831050226,51.16038812785388,47.656164383561645,52.54908675799087
5,2019,618136,5.0,4952,1367.5,120,51.573401826484016,54.68972602739726,53.40525114155251,50.224543378995435,52.8101598173516
6,2020,556511,5.2,4610,1886.6,178,44.14105191256831,45.189207650273225,44.736111111111114,38.47757285974499,44.487135701275044
